backbone,dataset,label_budget_per_class,mean_accuracy,mean_accuracy_delta_vs_fp32_cpu,mean_best_deployment_improvement_vs_fp32_cpu,mean_latency_ms_per_example,mean_latency_reduction_vs_fp32_cpu,mean_macro_f1,mean_macro_f1_delta_vs_fp32_cpu,mean_model_size_mb,mean_model_size_reduction_vs_fp32_cpu,mean_peak_memory_mb,mean_throughput_examples_per_second,mean_throughput_gain_vs_fp32_cpu,method,n
albert-base-v2,cola,128,0.54453125,-0.0015625,13.895643763309094,0.9230602479692607,0.9326129164236568,0.44996992747556813,-0.0021478558623015285,44.58638572692871,0.0,88.72568359375,1083.424371807463,13.895643763309094,bf16_gpu,5
albert-base-v2,cola,128,0.5125,-0.03359375,0.5092508412685426,9.174362856561515,0.3326475913683209,0.45908415363089244,0.0069663702930228165,22.370460510253906,0.4982670125526034,0.0,109.42481950232363,0.4989612494103833,dynamic_int8_cpu,5
albert-base-v2,cola,128,0.54609375,0.0,0.0,13.745785306093126,0.0,0.45211778333786967,0.0,44.58638572692871,0.0,0.0,72.98872341170583,0.0,fp32_cpu,5
albert-base-v2,cola,128,0.54609375,0.0,15.642743807898533,0.8258958884380263,0.939759695359455,0.45211778333786967,0.0,44.58638572692871,0.0,76.38447265625,1211.5878030187855,15.642743807898533,fp32_gpu,5
albert-base-v2,cola,256,0.60078125,0.0,13.783358242592634,0.9147135645321214,0.9321130822302283,0.5296535387332977,0.00010488319060515394,44.58638572692871,0.0,88.72568359375,1093.4291710971424,13.783358242592634,bf16_gpu,5
albert-base-v2,cola,256,0.4921875,-0.10859375,0.5255810965250692,8.941739921719432,0.33887098804144333,0.4335351210922566,-0.09601353445043588,22.370460510253906,0.4982670125526034,0.0,112.43935972716613,0.5143246640108186,dynamic_int8_cpu,5
albert-base-v2,cola,256,0.60078125,0.0,0.0,13.51559997765662,0.0,0.5295486555426925,0.0,44.58638572692871,0.0,0.0,74.19180791420675,0.0,fp32_cpu,5
albert-base-v2,cola,256,0.60078125,0.0,15.40589825326526,0.8238180973438602,0.9389084908211894,0.5295486555426925,0.0,44.58638572692871,0.0,76.38447265625,1214.4361212278147,15.40589825326526,fp32_gpu,5
albert-base-v2,cola,64,0.53671875,-0.0015625,13.915966118534117,0.9143825128126082,0.9326221176818408,0.5009371351213089,-0.0013588083764777049,44.58638572692871,0.0,88.72568359375,1094.7214285524055,13.915966118534117,bf16_gpu,5
albert-base-v2,cola,64,0.5125,-0.02578125,0.5158781440602708,9.243841277030356,0.3207454978139244,0.46291511886360576,-0.03938082463418087,22.370460510253906,0.4982670125526034,0.0,108.50293967453531,0.4744854292696631,dynamic_int8_cpu,5
albert-base-v2,cola,64,0.53828125,0.0,0.0,13.621239457811498,0.0,0.5022959434977866,0.0,44.58638572692871,0.0,0.0,73.66061365847973,0.0,fp32_cpu,5
albert-base-v2,cola,64,0.53828125,0.0,15.601561657750727,0.8214108337500647,0.9394694659829543,0.5022959434977866,0.0,44.58638572692871,0.0,76.38447265625,1218.3634835348873,15.601561657750727,fp32_gpu,5
bert-base-uncased,cola,128,0.6703125,0.00078125,11.714517546535058,0.9937061381249634,0.9210368887066539,0.6621675357531832,0.0009978250245250785,417.7237939834595,0.0,626.46884765625,1006.3927582622271,11.714517546535058,bf16_gpu,5
bert-base-uncased,cola,128,0.61640625,-0.053125,0.5893594596874354,8.005540340312507,0.3663792893118251,0.5799071533574452,-0.0812625573712128,173.08754062652588,0.585641174576281,0.0,125.43442452347003,0.5784054520474742,dynamic_int8_cpu,5
bert-base-uncased,cola,128,0.66953125,0.0,0.0,12.634251065781257,0.0,0.661169710728658,0.0,417.7237939834595,0.0,0.0,79.46464272967717,0.0,fp32_cpu,5
bert-base-uncased,cola,128,0.66953125,0.0,16.132968741975237,0.7368670093747198,0.9415171735547163,0.661169710728658,0.0,417.7237939834595,0.0,445.90712890625,1357.6736242932113,16.132968741975237,fp32_gpu,5
bert-base-uncased,cola,256,0.70703125,0.0,11.706576079981772,0.9930701584376322,0.9208952934150286,0.698713421776759,0.0,417.7237939834595,0.0,626.46884765625,1006.9977575660484,11.706576079981772,bf16_gpu,5
bert-base-uncased,cola,256,0.6921875,-0.01484375,0.5870165223796368,8.018451305937617,0.3643978509906266,0.6883441438218787,-0.010369277954880341,173.08754062652588,0.585641174576281,0.0,125.30427480963364,0.5734496890316878,dynamic_int8_cpu,5
bert-base-uncased,cola,256,0.70703125,0.0,0.0,12.615808567187514,0.0,0.698713421776759,0.0,417.7237939834595,0.0,0.0,79.640545975967,0.0,fp32_cpu,5
bert-base-uncased,cola,256,0.70703125,0.0,15.87920545046842,0.7467479684375178,0.9406225526400724,0.698713421776759,0.0,417.7237939834595,0.0,445.90712890625,1339.9225529883481,15.87920545046842,fp32_gpu,5
bert-base-uncased,cola,64,0.6015625,0.0,11.417819479728196,0.9979490098437793,0.9192815140602941,0.5988398735293765,-0.00011472475309834974,417.7237939834595,0.0,626.46884765625,1002.0944159486369,11.417819479728196,bf16_gpu,5
bert-base-uncased,cola,64,0.5234375,-0.078125,0.5883694615790518,7.986137449062625,0.35578484473593686,0.41768568773881054,-0.1812689105436643,173.08754062652588,0.585641174576281,0.0,125.64878130849861,0.5528272617588199,dynamic_int8_cpu,5
bert-base-uncased,cola,64,0.6015625,0.0,0.0,12.394005975624935,0.0,0.5989545982824749,0.0,417.7237939834595,0.0,0.0,80.8994135809658,0.0,fp32_cpu,5
bert-base-uncased,cola,64,0.6015625,0.0,15.341499481525533,0.7582264770312008,0.9387613180643369,0.5989545982824749,0.0,417.7237939834595,0.0,445.90712890625,1320.6424214236579,15.341499481525533,fp32_gpu,5
distilbert-base-uncased,cola,128,0.6109375,0.00078125,9.821190232619637,0.5842470432812163,0.9067755234853845,0.6034224560639514,0.0008291205780550648,255.45206356048584,0.0,370.17333984375,1715.0568968919529,9.821190232619637,bf16_gpu,5
distilbert-base-uncased,cola,128,0.5828125,-0.02734375,0.5658310891927848,4.026689998906257,0.3610108013667895,0.5748777009485707,-0.02771563453732555,132.28924465179443,0.48213671556240517,0.0,249.4713252971871,0.5658310891927848,dynamic_int8_cpu,5
distilbert-base-uncased,cola,128,0.61015625,0.0,0.0,6.297362258125041,0.0,0.6025933354858963,0.0,255.45206356048584,0.0,0.0,159.20715592908164,0.0,fp32_cpu,5
distilbert-base-uncased,cola,128,0.61015625,0.0,13.278997051814514,0.4409641848437218,0.9298163920229485,0.6025933354858963,0.0,255.45206356048584,0.0,283.66884765625,2268.1167031587306,13.278997051814514,fp32_gpu,5
distilbert-base-uncased,cola,256,0.646875,0.0,9.907298359666274,0.56888870249999,0.9082310675904035,0.6242780072626828,0.0,255.45206356048584,0.0,370.17333984375,1758.4782258377516,9.907298359666274,bf16_gpu,5
distilbert-base-uncased,cola,256,0.62265625,-0.02421875,0.552261732230687,4.002416298281268,0.3555853862902063,0.5911099761136245,-0.03316803114905832,132.28924465179443,0.48213671556240517,0.0,250.74172539730955,0.552261732230687,dynamic_int8_cpu,5
distilbert-base-uncased,cola,256,0.646875,0.0,0.0,6.206560015625016,0.0,0.6242780072626828,0.0,255.45206356048584,0.0,0.0,161.41597117096399,0.0,fp32_cpu,5
distilbert-base-uncased,cola,256,0.646875,0.0,13.042090767380566,0.4423759923437487,0.9287082703109868,0.6242780072626828,0.0,255.45206356048584,0.0,283.66884765625,2266.0911139699506,13.042090767380566,fp32_gpu,5
distilbert-base-uncased,cola,64,0.540625,0.0,10.227010002678105,0.5796249381249652,0.910271787806718,0.5273193364926211,0.0002833453193167634,255.45206356048584,0.0,370.17333984375,1726.2849660340344,10.227010002678105,bf16_gpu,5
distilbert-base-uncased,cola,64,0.534375,-0.00625,0.6259689664998906,3.9996284065625076,0.3836400911148374,0.5306029737553216,0.003566982582017353,132.28924465179443,0.48213671556240517,0.0,251.20624642442195,0.6259689664998906,dynamic_int8_cpu,5
distilbert-base-uncased,cola,64,0.540625,0.0,0.0,6.497535780468731,0.0,0.5270359911733042,0.0,255.45206356048584,0.0,0.0,154.6824067144057,0.0,fp32_cpu,5
distilbert-base-uncased,cola,64,0.540625,0.0,11.860739924617114,0.5173526673437934,0.9199383398626325,0.5270359911733042,0.0,255.45206356048584,0.0,283.66884765625,1976.1848853838897,11.860739924617114,fp32_gpu,5
albert-base-v2,mrpc,128,0.6171875,-0.003125,42.40140774690085,0.9244362381247129,0.9768671792727633,0.5786784440781984,-0.003840818271429236,44.58638572692871,0.0,108.40234375,1081.9726982379666,42.40140774690085,bf16_gpu,5
albert-base-v2,mrpc,128,0.50390625,-0.11640625,0.5488500209353442,26.216892216717724,0.34478427846392723,0.3754042917783776,-0.20711497057124997,22.370460510253906,0.4982670125526034,0.0,38.18072249583663,0.5297097701887875,dynamic_int8_cpu,5
albert-base-v2,mrpc,128,0.6203125,0.0,0.0,40.12784771609404,0.0,0.5825192623496276,0.0,44.58638572692871,0.0,0.0,25.03339165780864,0.0,fp32_cpu,5
albert-base-v2,mrpc,128,0.6203125,0.0,42.31205922858207,0.9258559200003447,0.9768964196985338,0.5825192623496276,0.0,44.58638572692871,0.0,104.4845703125,1082.7588786178965,42.31205922858207,fp32_gpu,5
albert-base-v2,mrpc,256,0.71328125,0.00078125,42.32464535235491,0.9485042901565066,0.9768072599735282,0.6991940067549633,0.0009194445060115352,44.58638572692871,0.0,108.40234375,1055.4564188580746,42.32464535235491,bf16_gpu,5
albert-base-v2,mrpc,256,0.50078125,-0.21171875,0.5922784092654977,26.268465017031417,0.3576238784681549,0.350612124077023,-0.3476624381719289,22.370460510253906,0.4982670125526034,0.0,38.14763566088805,0.5659834066330253,dynamic_int8_cpu,5
albert-base-v2,mrpc,256,0.7125,0.0,0.0,41.070273475624504,0.0,0.6982745622489519,0.0,44.58638572692871,0.0,0.0,24.46692945661569,0.0,fp32_cpu,5
albert-base-v2,mrpc,256,0.7125,0.0,42.488000525588944,0.9445178129703891,0.9769628771614456,0.6982745622489519,0.0,44.58638572692871,0.0,104.4845703125,1062.0424847527806,42.488000525588944,fp32_gpu,5
albert-base-v2,mrpc,64,0.5921875,0.00078125,43.54265018410342,0.9218621365627655,0.9774603558921858,0.5396895735865062,0.0007468399187312569,44.58638572692871,0.0,108.40234375,1085.1303143550501,43.54265018410342,bf16_gpu,5
albert-base-v2,mrpc,64,0.49765625,-0.09375,0.5282669622623783,27.534082701562852,0.32842292959285063,0.3669175669363764,-0.1720251667313985,22.370460510253906,0.4982670125526034,0.0,36.46719614862042,0.49320134661335696,dynamic_int8_cpu,5
albert-base-v2,mrpc,64,0.59140625,0.0,0.0,41.039055250156196,0.0,0.5389427336677749,0.0,44.58638572692871,0.0,0.0,24.44576041254573,0.0,fp32_cpu,5
albert-base-v2,mrpc,64,0.59140625,0.0,41.880583101339525,0.9566174710934661,0.9766735204121635,0.5389427336677749,0.0,44.58638572692871,0.0,104.4845703125,1047.5132257038076,41.880583101339525,fp32_gpu,5
bert-base-uncased,mrpc,128,0.6328125,-0.0015625,28.656690641274302,1.0224279009376858,0.9662699323028087,0.6265769142951626,-0.0016057836443070573,417.7237939834595,0.0,644.95546875,978.1980252676038,28.656690641274302,bf16_gpu,5
bert-base-uncased,mrpc,128,0.5125,-0.121875,0.585641174576281,19.400082737343638,0.3601200416469869,0.3612164829324675,-0.26696621500700224,173.08754062652588,0.585641174576281,0.0,51.559848111756274,0.562853822918442,dynamic_int8_cpu,5
bert-base-uncased,mrpc,128,0.634375,0.0,0.0,30.316805226718913,0.0,0.6281826979394697,0.0,417.7237939834595,0.0,0.0,32.9891703625793,0.0,fp32_cpu,5
bert-base-uncased,mrpc,128,0.634375,0.0,36.50031833592985,0.8125947529684652,0.9731956633927861,0.6281826979394697,0.0,417.7237939834595,0.0,459.56171875,1237.0598760085827,36.50031833592985,fp32_gpu,5
bert-base-uncased,mrpc,256,0.6703125,0.00078125,28.241357786289658,1.0303396242187546,0.9657949857863225,0.6602092112281598,0.001017144446431062,417.7237939834595,0.0,644.95546875,970.6689153631048,28.241357786289658,bf16_gpu,5
bert-base-uncased,mrpc,256,0.56953125,-0.1,0.585641174576281,19.568541534375186,0.35047608498338967,0.4870786548360261,-0.17211341194570262,173.08754062652588,0.585641174576281,0.0,51.14548212950895,0.5404958780279127,dynamic_int8_cpu,5
bert-base-uncased,mrpc,256,0.66953125,0.0,0.0,30.125001211718825,0.0,0.6591920667817287,0.0,417.7237939834595,0.0,0.0,33.197900104613474,0.0,fp32_cpu,5
bert-base-uncased,mrpc,256,0.66953125,0.0,36.849318130103896,0.7960164723436947,0.9735746205551264,0.6591920667817287,0.0,417.7237939834595,0.0,459.56171875,1256.4414275352158,36.849318130103896,fp32_gpu,5
bert-base-uncased,mrpc,64,0.65078125,0.0015625,28.6518407217979,1.0197968549999104,0.9662589557802076,0.6504806502967899,0.0015364586902399725,417.7237939834595,0.0,644.95546875,980.681217154506,28.6518407217979,bf16_gpu,5
bert-base-uncased,mrpc,64,0.5,-0.14921875,0.5893143767210757,19.39585377625008,0.35845947294021624,0.3333333333333333,-0.3156108582732166,173.08754062652588,0.585641174576281,0.0,51.5881361665823,0.559345095148187,dynamic_int8_cpu,5
bert-base-uncased,mrpc,64,0.64921875,0.0,0.0,30.233584619843725,0.0,0.6489441916065499,0.0,417.7237939834595,0.0,0.0,33.083555458769524,0.0,fp32_cpu,5
bert-base-uncased,mrpc,64,0.64921875,0.0,34.89211930348442,0.8505321820313583,0.9718932407955867,0.6489441916065499,0.0,417.7237939834595,0.0,459.56171875,1188.4927409577779,34.89211930348442,fp32_gpu,5
distilbert-base-uncased,mrpc,128,0.584375,-0.0015625,24.298196010618934,0.7440728245313721,0.9600670551361606,0.5616537564776313,-0.0021456467518139012,255.45206356048584,0.0,379.0412109375,1356.1807452992389,24.298196010618934,bf16_gpu,5
distilbert-base-uncased,mrpc,128,0.57421875,-0.01171875,0.5394547163487051,12.117833951875241,0.34996764716640805,0.5513348369988011,-0.012464566230644025,132.28924465179443,0.48213671556240517,0.0,82.56218638152578,0.5394547163487051,dynamic_int8_cpu,5
distilbert-base-uncased,mrpc,128,0.5859375,0.0,0.0,18.651088336562793,0.0,0.5637994032294452,0.0,255.45206356048584,0.0,0.0,53.657714562114606,0.0,fp32_cpu,5
distilbert-base-uncased,mrpc,128,0.5859375,0.0,31.971379142465903,0.5691977348436694,0.9694780642639129,0.5637994032294452,0.0,255.45206356048584,0.0,296.0109375,1768.8334724877968,31.971379142465903,fp32_gpu,5
distilbert-base-uncased,mrpc,256,0.675,0.0,21.08932230443198,0.888699566250235,0.9518335683211618,0.6721415544188476,-0.000143640958144875,255.45206356048584,0.0,378.9443359375,1227.3445628053473,21.08932230443198,bf16_gpu,5
distilbert-base-uncased,mrpc,256,0.6671875,-0.0078125,0.5385004729044196,11.98193141312533,0.34520850601536385,0.6632003099702668,-0.009084885406725718,132.28924465179443,0.48213671556240517,0.0,84.26749376807479,0.5295707926039799,dynamic_int8_cpu,5
distilbert-base-uncased,mrpc,256,0.675,0.0,0.0,18.286376972031295,0.0,0.6722851953769925,0.0,255.45206356048584,0.0,0.0,55.03902917295783,0.0,fp32_cpu,5
distilbert-base-uncased,mrpc,256,0.675,0.0,29.008250615288148,0.6344697193759963,0.965666741628011,0.6722851953769925,0.0,255.45206356048584,0.0,296.2734375,1665.8675810912953,29.008250615288148,fp32_gpu,5
distilbert-base-uncased,mrpc,64,0.55625,0.0,23.741738242530058,0.7554652525010397,0.9589278928303152,0.5286813155901986,0.0,255.45206356048584,0.0,379.0412109375,1342.8453303343856,23.741738242530058,bf16_gpu,5
distilbert-base-uncased,mrpc,64,0.54296875,-0.01328125,0.5774516727402281,11.924797244062688,0.3515617620253186,0.5071391953825234,-0.021542120207675198,132.28924465179443,0.48213671556240517,0.0,84.13730416320462,0.550510219156788,dynamic_int8_cpu,5
distilbert-base-uncased,mrpc,64,0.55625,0.0,0.0,18.4756105751552,0.0,0.5286813155901986,0.0,255.45206356048584,0.0,0.0,54.51748934416011,0.0,fp32_cpu,5
distilbert-base-uncased,mrpc,64,0.55625,0.0,30.842757401784674,0.5903008112500174,0.9677509825806061,0.5286813155901986,0.0,255.45206356048584,0.0,296.0109375,1721.5331803684148,30.842757401784674,fp32_gpu,5
albert-base-v2,qqp,128,0.64609375,-0.003125,38.859091829034384,0.9853098018749051,0.9745986622612984,0.6416665462729088,-0.003417846766562538,44.58638572692871,0.0,106.61611328125,1015.6453337286657,38.859091829034384,bf16_gpu,5
albert-base-v2,qqp,128,0.52578125,-0.1234375,0.5984474380797477,24.532253442968113,0.37338421765588836,0.4433951060345705,-0.2016892870049008,22.370460510253906,0.4982670125526034,0.0,41.118617789840265,0.5984474380797477,dynamic_int8_cpu,5
albert-base-v2,qqp,128,0.64921875,0.0,0.0,39.2454158071871,0.0,0.6450843930394713,0.0,44.58638572692871,0.0,0.0,25.782792197158837,0.0,fp32_cpu,5
albert-base-v2,qqp,128,0.64921875,0.0,41.1346923484783,0.9299724264064935,0.9761388539139578,0.6450843930394713,0.0,44.58638572692871,0.0,101.51083984375,1078.8410551411746,41.1346923484783,fp32_gpu,5
albert-base-v2,qqp,256,0.725,-0.00234375,40.05968303542711,0.9492265065620131,0.975386978458926,0.7162053244808867,-0.002435343627320541,44.58638572692871,0.0,106.61611328125,1053.5510196572932,40.05968303542711,bf16_gpu,5
albert-base-v2,qqp,256,0.48515625,-0.2421875,0.6563246277855028,23.557081732968754,0.39571942197558013,0.43904004494522203,-0.2796006231629852,22.370460510253906,0.4982670125526034,0.0,42.955558708412504,0.6563246277855028,dynamic_int8_cpu,5
albert-base-v2,qqp,256,0.72734375,0.0,0.0,38.96155385031307,0.0,0.7186406681082071,0.0,44.58638572692871,0.0,0.0,25.921620105393252,0.0,fp32_cpu,5
albert-base-v2,qqp,256,0.72734375,0.0,39.834632510118446,0.9571488209371637,0.9753388373260246,0.7186406681082071,0.0,44.58638572692871,0.0,101.51083984375,1054.297926311595,39.834632510118446,fp32_gpu,5
albert-base-v2,qqp,64,0.64375,0.0015625,38.92822350324127,0.956589398750225,0.9747074393845296,0.624201388022651,0.0024485623467749964,44.58638572692871,0.0,106.61611328125,1045.7853278453724,38.92822350324127,bf16_gpu,5
albert-base-v2,qqp,64,0.51953125,-0.12265625,0.5660153094266255,24.389982522031346,0.36085495404158296,0.46168634147742593,-0.16006648419845007,22.370460510253906,0.4982670125526034,0.0,41.381057942352456,0.5660153094266255,dynamic_int8_cpu,5
albert-base-v2,qqp,64,0.6421875,0.0,0.0,38.17077967343721,0.0,0.621752825675876,0.0,44.58638572692871,0.0,0.0,26.43594589574557,0.0,fp32_cpu,5
albert-base-v2,qqp,64,0.6421875,0.0,41.39087590739688,0.8997858112496715,0.9763493780195993,0.621752825675876,0.0,44.58638572692871,0.0,101.51083984375,1116.748999000094,41.39087590739688,fp32_gpu,5
bert-base-uncased,qqp,128,0.7375,-0.00078125,30.821282527460703,1.0184049000000073,0.968263762556517,0.7345526284646472,-0.0007997632925437204,417.7237939834595,0.0,637.71328125,982.3047933859909,30.821282527460703,bf16_gpu,5
bert-base-uncased,qqp,128,0.52734375,-0.2109375,0.585641174576281,20.981915935624897,0.3526439459419673,0.40538896311160927,-0.3299634286455817,173.08754062652588,0.585641174576281,0.0,48.17265495492972,0.5449607437701895,dynamic_int8_cpu,5
bert-base-uncased,qqp,128,0.73828125,0.0,0.0,32.38833136421846,0.0,0.7353523917571909,0.0,417.7237939834595,0.0,0.0,31.15686395440134,0.0,fp32_cpu,5
bert-base-uncased,qqp,128,0.73828125,0.0,40.160626270842606,0.7859594921873736,0.9755554898996555,0.7353523917571909,0.0,417.7237939834595,0.0,460.896875,1273.1006947878946,40.160626270842606,fp32_gpu,5
bert-base-uncased,qqp,256,0.74453125,0.0015625,31.13127973966573,1.0154248553124035,0.9685602668984421,0.7345636203865498,0.001666086837988523,417.7237939834595,0.0,637.71328125,985.1098260522665,31.13127973966573,bf16_gpu,5
bert-base-uncased,qqp,256,0.621875,-0.12109375,0.5949708553310661,20.93039073953065,0.3587410543398237,0.5697318754496514,-0.1631656580989098,173.08754062652588,0.585641174576281,0.0,48.35087789847975,0.5603494082135613,dynamic_int8_cpu,5
bert-base-uncased,qqp,256,0.74296875,0.0,0.0,32.613121137187306,0.0,0.7328975335485612,0.0,417.7237939834595,0.0,0.0,30.957590186503836,0.0,fp32_cpu,5
bert-base-uncased,qqp,256,0.74296875,0.0,40.426585818431086,0.7861405576562674,0.9757112327395686,0.7328975335485612,0.0,417.7237939834595,0.0,460.896875,1272.7468488367024,40.426585818431086,fp32_gpu,5
bert-base-uncased,qqp,64,0.709375,-0.00078125,30.8718072224053,1.022869841406333,0.9683023890950331,0.7027330180643623,-0.0007981400511555048,417.7237939834595,0.0,637.71328125,977.6964201834687,30.8718072224053,bf16_gpu,5
bert-base-uncased,qqp,64,0.51640625,-0.19375,0.586526056293593,20.690252638593734,0.3652543769922668,0.37891739235299177,-0.32461376576252604,173.08754062652588,0.585641174576281,0.0,48.81866969468731,0.5754895084780977,dynamic_int8_cpu,5
bert-base-uncased,qqp,64,0.71015625,0.0,0.0,32.603661321250144,0.0,0.7035311581155178,0.0,417.7237939834595,0.0,0.0,30.992998014297253,0.0,fp32_cpu,5
bert-base-uncased,qqp,64,0.71015625,0.0,40.242893625323035,0.7892983409377052,0.9755924044266889,0.7035311581155178,0.0,417.7237939834595,0.0,460.896875,1267.811333812449,40.242893625323035,fp32_gpu,5
distilbert-base-uncased,qqp,128,0.6640625,0.0015625,26.28859806144177,0.5764126965625138,0.9630110099022456,0.659721380624536,0.001430799220875123,255.45206356048584,0.0,377.6552734375,1735.3734874658305,26.28859806144177,bf16_gpu,5
distilbert-base-uncased,qqp,128,0.6453125,-0.0171875,0.5533116397955236,10.126228386562417,0.35618810781853133,0.6305416299593153,-0.027748951444345592,132.28924465179443,0.48213671556240517,0.0,99.69817730760134,0.5533116397955236,dynamic_int8_cpu,5
distilbert-base-uncased,qqp,128,0.6625,0.0,0.0,15.722390126562615,0.0,0.6582905814036609,0.0,255.45206356048584,0.0,0.0,64.15763752381616,0.0,fp32_cpu,5
distilbert-base-uncased,qqp,128,0.6625,0.0,32.421417617594784,0.4697799490624277,0.9699417470619823,0.6582905814036609,0.0,255.45206356048584,0.0,298.53984375,2131.484920595063,32.421417617594784,fp32_gpu,5
distilbert-base-uncased,qqp,256,0.7109375,0.0,25.544061006157516,0.5782556912498649,0.9619653268306444,0.6985837379355908,0.00019529109643383612,255.45206356048584,0.0,377.6552734375,1729.8864791648593,25.544061006157516,bf16_gpu,5
distilbert-base-uncased,qqp,256,0.69375,-0.0171875,0.5441758979200992,9.944062057343714,0.3521970503602703,0.6834250633369114,-0.014963383502245464,132.28924465179443,0.48213671556240517,0.0,101.61143433863259,0.5441758979200992,dynamic_int8_cpu,5
distilbert-base-uncased,qqp,256,0.7109375,0.0,0.0,15.335631360468724,0.0,0.6983884468391569,0.0,255.45206356048584,0.0,0.0,65.73501909937433,0.0,fp32_cpu,5
distilbert-base-uncased,qqp,256,0.7109375,0.0,31.940043618765866,0.4651623785936465,0.9694690253714915,0.6983884468391569,0.0,255.45206356048584,0.0,298.53984375,2151.1337093757384,31.940043618765866,fp32_gpu,5
distilbert-base-uncased,qqp,64,0.61484375,-0.00078125,26.41952511001122,0.5888096992187997,0.9630543928188908,0.576828807100634,-0.0006566383304621226,255.45206356048584,0.0,377.6552734375,1699.6852775155057,26.41952511001122,bf16_gpu,5
distilbert-base-uncased,qqp,64,0.60546875,-0.01015625,0.5602625845223722,10.321274856875036,0.35897798697369715,0.5681568772344352,-0.009328568196660947,132.28924465179443,0.48213671556240517,0.0,97.71596624149502,0.5602625845223722,dynamic_int8_cpu,5
distilbert-base-uncased,qqp,64,0.615625,0.0,0.0,16.110261337187524,0.0,0.5774854454310961,0.0,255.45206356048584,0.0,0.0,62.66058072497666,0.0,fp32_cpu,5
distilbert-base-uncased,qqp,64,0.615625,0.0,31.63546880783862,0.49847709156246367,0.968600633287891,0.5774854454310961,0.0,255.45206356048584,0.0,298.53984375,2016.6466167594504,31.63546880783862,fp32_gpu,5
albert-base-v2,rte,128,0.5234375,0.00234375,60.99705241407691,0.8855091360948109,0.9838195647841292,0.4409509212281119,0.0022444342886928648,44.58638572692871,0.0,119.27880859375,1129.8535800961245,60.99705241407691,bf16_gpu,5
albert-base-v2,rte,128,0.496875,-0.02421875,0.4982670125526034,39.23344458843644,0.28313158914454206,0.3371822062012803,-0.10152428073813873,22.370460510253906,0.4982670125526034,0.0,25.51105989894946,0.399735866781399,dynamic_int8_cpu,5
albert-base-v2,rte,128,0.52109375,0.0,0.0,54.84120111140555,0.0,0.43870648693941905,0.0,44.58638572692871,0.0,0.0,18.262165587376355,0.0,fp32_cpu,5
albert-base-v2,rte,128,0.52109375,0.0,54.314914339202005,0.9916163435929093,0.9818916471270418,0.43870648693941905,0.0,44.58638572692871,0.0,117.10009765625,1008.6720506286898,54.314914339202005,fp32_gpu,5
albert-base-v2,rte,256,0.53984375,0.003125,59.20173614436982,0.9022005903125319,0.983370768435248,0.4838934033883839,0.002979794758453158,44.58638572692871,0.0,119.27880859375,1110.2712417016853,59.20173614436982,bf16_gpu,5
albert-base-v2,rte,256,0.4984375,-0.03828125,0.4982670125526034,38.12870178468813,0.2970296097699108,0.39522472742856796,-0.08568888120136275,22.370460510253906,0.4982670125526034,0.0,26.236674230303432,0.42296380074756756,dynamic_int8_cpu,5
albert-base-v2,rte,256,0.53671875,0.0,0.0,54.2646621696872,0.0,0.4809136086299307,0.0,44.58638572692871,0.0,0.0,18.446678273262062,0.0,fp32_cpu,5
albert-base-v2,rte,256,0.53671875,0.0,52.857011613639095,1.0075989260928964,0.9814311545355883,0.4809136086299307,0.0,44.58638572692871,0.0,117.10009765625,993.4468965035533,52.857011613639095,fp32_gpu,5
albert-base-v2,rte,64,0.51640625,0.003125,64.95859532129366,0.8519010209374756,0.9848319894291294,0.5063644344346065,0.002947323901609089,44.58638572692871,0.0,119.27880859375,1173.853645625793,64.95859532129366,bf16_gpu,5
albert-base-v2,rte,64,0.49140625,-0.021875,0.5005893995480822,39.80082831359539,0.29114333569118656,0.38346756496026196,-0.11994954557273552,22.370460510253906,0.4982670125526034,0.0,25.129045618548506,0.41242714448535717,dynamic_int8_cpu,5
albert-base-v2,rte,64,0.51328125,0.0,0.0,56.19286863656271,0.0,0.5034171105329975,0.0,44.58638572692871,0.0,0.0,17.8058484011209,0.0,fp32_cpu,5
albert-base-v2,rte,64,0.51328125,0.0,55.318044885519704,0.9998020634373006,0.9821880832436656,0.5034171105329975,0.0,44.58638572692871,0.0,117.10009765625,1001.6848998085297,55.318044885519704,fp32_gpu,5
bert-base-uncased,rte,128,0.53359375,-0.00078125,47.726323569285704,0.9559904018752263,0.9794738550005738,0.5018680335093053,-0.0014462461429193385,417.7237939834595,0.0,652.80126953125,1046.0468079257075,47.726323569285704,bf16_gpu,5
bert-base-uncased,rte,128,0.50859375,-0.02578125,0.5966480247667725,29.6453585101564,0.36341303040608597,0.37781371382930534,-0.12550056582291935,173.08754062652588,0.585641174576281,0.0,33.73820462134038,0.5717487681948659,dynamic_int8_cpu,5
bert-base-uncased,rte,128,0.534375,0.0,0.0,46.581287748281284,0.0,0.5033142796522247,0.0,417.7237939834595,0.0,0.0,21.471021733055004,0.0,fp32_cpu,5
bert-base-uncased,rte,128,0.534375,0.0,50.369304414860586,0.9083843574998696,0.9804976132167187,0.5033142796522247,0.0,417.7237939834595,0.0,470.63525390625,1102.8644532227331,50.369304414860586,fp32_gpu,5
bert-base-uncased,rte,256,0.565625,-0.0015625,47.75879468919303,0.964652010000151,0.9794860452004323,0.548030924081331,-0.0013019899488039277,417.7237939834595,0.0,652.80126953125,1036.6905842272688,47.75879468919303,bf16_gpu,5
bert-base-uncased,rte,256,0.5359375,-0.03125,0.585641174576281,30.051673870781315,0.36100870241244987,0.4867989160468241,-0.06253399798331083,173.08754062652588,0.585641174576281,0.0,33.278645590867335,0.5650098863714998,dynamic_int8_cpu,5
bert-base-uncased,rte,256,0.5671875,0.0,0.0,47.031238154999926,0.0,0.549332914030135,0.0,417.7237939834595,0.0,0.0,21.26479514855934,0.0,fp32_cpu,5
bert-base-uncased,rte,256,0.5671875,0.0,51.68096326428892,0.8927566584375768,0.9810160634397581,0.549332914030135,0.0,417.7237939834595,0.0,470.63525390625,1120.1476032186417,51.68096326428892,fp32_gpu,5
bert-base-uncased,rte,64,0.4953125,0.0015625,46.3719855586907,0.9692393507810948,0.9788889038769713,0.40195671690879736,0.0017772305708791624,417.7237939834595,0.0,652.80126953125,1031.7979921446822,46.3719855586907,bf16_gpu,5
bert-base-uncased,rte,64,0.4953125,0.0015625,0.5892422955848878,29.32074746453125,0.3613494948193734,0.36638033053921015,-0.03379915579870803,173.08754062652588,0.585641174576281,0.0,34.11105187281015,0.5661407347302977,dynamic_int8_cpu,5
bert-base-uncased,rte,64,0.49375,0.0,0.0,45.913062230156214,0.0,0.4001794863379182,0.0,417.7237939834595,0.0,0.0,21.781569942879894,0.0,fp32_cpu,5
bert-base-uncased,rte,64,0.49375,0.0,49.150805573748315,0.9166384235936675,0.9800306840838587,0.4001794863379182,0.0,417.7237939834595,0.0,470.63525390625,1092.1207846353943,49.150805573748315,fp32_gpu,5
distilbert-base-uncased,rte,128,0.5375,0.00078125,40.63207026506089,0.5651731776562485,0.9759767342451438,0.5359937973004983,0.0008877916746285131,255.45206356048584,0.0,386.10888671875,1769.505111564086,40.63207026506089,bf16_gpu,5
distilbert-base-uncased,rte,128,0.52578125,-0.0109375,0.5948457232509916,14.752885627812482,0.3729541504802999,0.5219720749650895,-0.013133930660780346,132.28924465179443,0.48213671556240517,0.0,67.79077289317789,0.5948457232509916,dynamic_int8_cpu,5
distilbert-base-uncased,rte,128,0.53671875,0.0,0.0,23.527380707812497,0.0,0.5351060056258699,0.0,255.45206356048584,0.0,0.0,42.50576446624441,0.0,fp32_cpu,5
distilbert-base-uncased,rte,128,0.53671875,0.0,43.19599458073198,0.5323916148437391,0.9773696539853115,0.5351060056258699,0.0,255.45206356048584,0.0,308.39697265625,1878.4382930565498,43.19599458073198,fp32_gpu,5
distilbert-base-uncased,rte,256,0.53203125,0.0,40.15318925396823,0.5706227325000057,0.9756859821024387,0.526912518244039,0.0,255.45206356048584,0.0,386.10888671875,1753.4141164299094,40.15318925396823,bf16_gpu,5
distilbert-base-uncased,rte,256,0.52578125,-0.00625,0.5790742781003503,14.864980918125,0.36660275124925384,0.5214281652661474,-0.00548435297789146,132.28924465179443,0.48213671556240517,0.0,67.27893434230519,0.5790742781003503,dynamic_int8_cpu,5
distilbert-base-uncased,rte,256,0.53203125,0.0,0.0,23.47041897046875,0.0,0.526912518244039,0.0,255.45206356048584,0.0,0.0,42.60978420204276,0.0,fp32_cpu,5
distilbert-base-uncased,rte,256,0.53203125,0.0,42.52756661245044,0.539655240624981,0.9770055431043846,0.526912518244039,0.0,255.45206356048584,0.0,308.39697265625,1854.584045810469,42.52756661245044,fp32_gpu,5
distilbert-base-uncased,rte,64,0.51640625,0.0,40.16344994169564,0.5745969957812669,0.9756893672021615,0.5033002610828935,0.0,255.45206356048584,0.0,386.10888671875,1741.0189349630725,40.16344994169564,bf16_gpu,5
distilbert-base-uncased,rte,64,0.5078125,-0.00859375,0.5985485674407647,14.78966651109376,0.3743242258102936,0.4948022498169526,-0.008498011265940863,132.28924465179443,0.48213671556240517,0.0,67.61761871223472,0.5985485674407647,dynamic_int8_cpu,5
distilbert-base-uncased,rte,64,0.51640625,0.0,0.0,23.640446876562518,0.0,0.5033002610828935,0.0,255.45206356048584,0.0,0.0,42.3039249102059,0.0,fp32_cpu,5
distilbert-base-uncased,rte,64,0.51640625,0.0,42.604752611454366,0.5422343643749805,0.9770602620312299,0.5033002610828935,0.0,255.45206356048584,0.0,308.39697265625,1844.4101672154832,42.604752611454366,fp32_gpu,5
albert-base-v2,sst2,128,0.8296875,0.00078125,28.629857377786003,0.9039504034376478,0.9661904071989679,0.828207165866998,0.0008444453043469968,44.58638572692871,0.0,96.73828125,1106.4779495719008,28.629857377786003,bf16_gpu,5
albert-base-v2,sst2,128,0.5046875,-0.32421875,0.5671461648873248,17.215860408281003,0.3558628183693394,0.3998752659366417,-0.4274874546260094,22.370460510253906,0.4982670125526034,0.0,58.12462708515815,0.5570914698100895,dynamic_int8_cpu,5
albert-base-v2,sst2,128,0.82890625,0.0,0.0,26.787128834844225,0.0,0.8273627205626511,0.0,44.58638572692871,0.0,0.0,37.41457624045848,0.0,fp32_cpu,5
albert-base-v2,sst2,128,0.82890625,0.0,31.716923974260038,0.8198320171874229,0.9693065425236176,0.8273627205626511,0.0,44.58638572692871,0.0,87.5955078125,1220.6258450121775,31.716923974260038,fp32_gpu,5
albert-base-v2,sst2,256,0.76015625,0.0,26.39935527957442,0.9182628862504316,0.9634792597580869,0.7243656508102873,0.00017378653752784246,44.58638572692871,0.0,96.73828125,1089.193460339554,26.39935527957442,bf16_gpu,5
albert-base-v2,sst2,256,0.4875,-0.27265625,0.5117295216162219,16.89443284874983,0.3281436331904118,0.42263674357477543,-0.301555120697984,22.370460510253906,0.4982670125526034,0.0,59.21502068412232,0.4894557665029303,dynamic_int8_cpu,5
albert-base-v2,sst2,256,0.76015625,0.0,0.0,25.151763337499915,0.0,0.7241918642727594,0.0,44.58638572692871,0.0,0.0,39.765491021003584,0.0,fp32_cpu,5
albert-base-v2,sst2,256,0.76015625,0.0,29.61767037177557,0.8228633534378105,0.9672679038354256,0.7241918642727594,0.0,44.58638572692871,0.0,87.5955078125,1216.9245637507613,29.61767037177557,fp32_gpu,5
albert-base-v2,sst2,64,0.6109375,-0.00078125,28.306872500663797,0.8949773781253612,0.9658571091318031,0.5629734015332413,-0.0024124598516620187,44.58638572692871,0.0,96.73828125,1117.7393302876608,28.306872500663797,bf16_gpu,5
albert-base-v2,sst2,64,0.49453125,-0.1171875,0.5541836675281293,16.889043270936952,0.35599691549058793,0.42024720462585996,-0.1451386567590434,22.370460510253906,0.4982670125526034,0.0,59.30323179879312,0.5541836675281293,dynamic_int8_cpu,5
albert-base-v2,sst2,64,0.61171875,0.0,0.0,26.21934231171906,0.0,0.5653858613849033,0.0,44.58638572692871,0.0,0.0,38.14866454636527,0.0,fp32_cpu,5
albert-base-v2,sst2,64,0.61171875,0.0,31.946435745668687,0.7958510328126067,0.969639915528362,0.5653858613849033,0.0,44.58638572692871,0.0,87.5955078125,1256.595069123356,31.946435745668687,fp32_gpu,5
bert-base-uncased,sst2,128,0.81171875,0.00078125,17.89304162594854,1.0318906459374944,0.9470194878709821,0.8073165381201569,0.0009035333401705703,417.7237939834595,0.0,629.6279296875,969.1704686387877,17.89304162594854,bf16_gpu,5
bert-base-uncased,sst2,128,0.7546875,-0.05625,0.585641174576281,12.75776052750011,0.34543935165227685,0.7329753965958293,-0.07343760818415701,173.08754062652588,0.585641174576281,0.0,78.43935040798296,0.5280245968645841,dynamic_int8_cpu,5
bert-base-uncased,sst2,128,0.8109375,0.0,0.0,19.49509474453123,0.0,0.8064130047799863,0.0,417.7237939834595,0.0,0.0,51.34606014081652,0.0,fp32_cpu,5
bert-base-uncased,sst2,128,0.8109375,0.0,24.644685256915455,0.7603925895312358,0.9609644820361671,0.8064130047799863,0.0,417.7237939834595,0.0,454.6048828125,1315.6869951313536,24.644685256915455,fp32_gpu,5
bert-base-uncased,sst2,256,0.8625,0.00078125,17.138390857503047,1.1063887276562667,0.9437127232222374,0.8619129727215296,0.0007775356188757021,417.7237939834595,0.0,629.6279296875,925.2664341766757,17.138390857503047,bf16_gpu,5
bert-base-uncased,sst2,256,0.8375,-0.02421875,0.585641174576281,12.618488876875062,0.35713423236509256,0.835576344736123,-0.025559092366530867,173.08754062652588,0.585641174576281,0.0,79.27654725837618,0.555632365961946,dynamic_int8_cpu,5
bert-base-uncased,sst2,256,0.86171875,0.0,0.0,19.631009667343662,0.0,0.8611354371026538,0.0,417.7237939834595,0.0,0.0,50.96760803934624,0.0,fp32_cpu,5
bert-base-uncased,sst2,256,0.86171875,0.0,24.19325590062909,0.7842122917187311,0.9600696551793655,0.8611354371026538,0.0,417.7237939834595,0.0,454.6048828125,1284.4300248372292,24.19325590062909,fp32_gpu,5
bert-base-uncased,sst2,64,0.70390625,0.0015625,18.76942956245748,1.001573536406255,0.9493755440726819,0.6753247808711902,0.0015185290883729774,417.7237939834595,0.0,629.6279296875,998.564087392779,18.76942956245748,bf16_gpu,5
bert-base-uncased,sst2,64,0.6015625,-0.10078125,0.5887887936126769,12.66343872296865,0.3602050572360104,0.5203753723430434,-0.15343087943977377,173.08754062652588,0.585641174576281,0.0,78.99406485655292,0.5632468719195718,dynamic_int8_cpu,5
bert-base-uncased,sst2,64,0.70234375,0.0,0.0,19.795819681718783,0.0,0.6738062517828172,0.0,417.7237939834595,0.0,0.0,50.53946531827759,0.0,fp32_cpu,5
bert-base-uncased,sst2,64,0.70234375,0.0,25.22347878973818,0.7550778065624542,0.9618378230544149,0.6738062517828172,0.0,417.7237939834595,0.0,454.6048828125,1324.660562469891,25.22347878973818,fp32_gpu,5
distilbert-base-uncased,sst2,128,0.834375,-0.0015625,17.10642480716816,0.5490464387497695,0.9445510344272374,0.8334981421270434,-0.0016057447773455413,255.45206356048584,0.0,372.261328125,1823.699707993952,17.10642480716816,bf16_gpu,5
distilbert-base-uncased,sst2,128,0.83046875,-0.00546875,0.5221012843583429,6.5340127993749775,0.3410019997020826,0.8294199544112049,-0.00568393249318413,132.28924465179443,0.48213671556240517,0.0,153.09222981033926,0.5180065314327923,dynamic_int8_cpu,5
distilbert-base-uncased,sst2,128,0.8359375,0.0,0.0,9.920443736561992,0.0,0.835103886904389,0.0,255.45206356048584,0.0,0.0,100.90632991724513,0.0,fp32_cpu,5
distilbert-base-uncased,sst2,128,0.8359375,0.0,21.88533125480216,0.43354731500016896,0.9562695482517165,0.835103886904389,0.0,255.45206356048584,0.0,290.1314453125,2307.7730481498666,21.88533125480216,fp32_gpu,5
distilbert-base-uncased,sst2,256,0.840625,-0.00078125,17.984547618471325,0.5345324199998913,0.9472799611338175,0.8401450326401251,-0.0007806857730912941,255.45206356048584,0.0,372.261328125,1871.8347735445996,17.984547618471325,bf16_gpu,5
distilbert-base-uncased,sst2,256,0.83203125,-0.009375,0.5631121707755677,6.491193190937565,0.35960777766186214,0.8311283206783703,-0.009797397734846136,132.28924465179443,0.48213671556240517,0.0,154.078510233435,0.5631121707755677,dynamic_int8_cpu,5
distilbert-base-uncased,sst2,256,0.84140625,0.0,0.0,10.1441682001564,0.0,0.8409257184132164,0.0,255.45206356048584,0.0,0.0,98.64872776863034,0.0,fp32_cpu,5
distilbert-base-uncased,sst2,256,0.84140625,0.0,21.890560288792557,0.4442947837497968,0.9561933797689636,0.8409257184132164,0.0,255.45206356048584,0.0,290.1314453125,2257.5539583431246,21.890560288792557,fp32_gpu,5
distilbert-base-uncased,sst2,64,0.7359375,0.00078125,18.025653018946155,0.5391416640628677,0.947390649248461,0.7232787021816739,0.0007433764911056739,255.45206356048584,0.0,372.261328125,1854.8603309788425,18.025653018946155,bf16_gpu,5
distilbert-base-uncased,sst2,64,0.7109375,-0.02421875,0.5858164312616095,6.469945166405751,0.3692123456347201,0.6873469270843136,-0.03518839860625467,132.28924465179443,0.48213671556240517,0.0,154.73932225937273,0.5858164312616095,dynamic_int8_cpu,5
distilbert-base-uncased,sst2,64,0.73515625,0.0,0.0,10.258361434532048,0.0,0.7225353256905682,0.0,255.45206356048584,0.0,0.0,97.59101195109295,0.0,fp32_cpu,5
distilbert-base-uncased,sst2,64,0.73515625,0.0,22.014450539310833,0.44659670671933327,0.9564463695182144,0.7225353256905682,0.0,255.45206356048584,0.0,290.1314453125,2244.907748316378,22.014450539310833,fp32_gpu,5
